{
    "$schema": "http://json-schema.org/draft-04/schema#",
    "properties": {
        "chainId": {
            "type": "integer"
        },
        "contracts": {
            "items": {
                "properties": {
                    "address": {
                        "pattern": "^0x[a-z0-9]*$",
                        "type": "string"
                    },
                    "contractName": {
                        "type": "string"
                    },
                    "selectors": {
                        "additionalProperties": false,
                        "patternProperties": {
                            "^0x[a-z0-9]*$": {
                                "properties": {
                                    "erc20OfInterest": {
                                        "items": [
                                            {
                                                "type": "string"
                                            }
                                        ],
                                        "type": "array"
                                    },
                                    "method": {
                                        "type": "string"
                                    },
                                    "plugin": {
                                        "type": "string"
                                    }
                                },
                                "required": [
                                    "plugin"
                                ],
                                "type": "object"
                            }
                        },
                        "type": "object"
                    }
                },
                "required": [
                    "address",
                    "contractName",
                    "selectors"
                ],
                "type": "object"
            },
            "type": "array"
        },
        "name": {
            "type": "string"
        }
    },
    "required": [
        "contracts",
        "name",
        "chainId"
    ],
    "type": "object"
}