{
    "chainId": 1,
    "contracts": [
        {
            "address": "0x11111112542d85b3ef69ae05771c2dccff4faa26",
            "contractName": "1inchV3",
            "methods": [
            	{
            	"selector": "0X2e95b6c8",
                    "erc20OfInterest": [
                        "srcToken"
                    ],
                    "method": "unoswap",
                    "plugin": "1inch"
                },
                 {
                    "selector": "0x7c025200",
                    "erc20OfInterest": [
                        "desc.srcToken",
                        "desc.dstToken"
                    ],
                    "method": "swap",
                    "plugin": "1inch"
                }
            ]
        }
    ],
    "name": "1inch"
}
