{
    "ticker": "BCH",
    "name": "Bitcoin Cash",
    "symbol": "Ƀ",
    "family": "bitcoin",
    "coin_type": 145,
    "has_segwit": true,
    "has_tokens": false,
    "units": [
        {
            "name": "satoshi",
            "code": "sat",
            "magnitude": 0
        },
        {
            "name": "bit",
            "code": "bit",
            "magnitude": 2
        },
        {
            "name": "mBCH",
            "code": "mBCH",
            "magnitude": 5
        },
        {
            "name": "bitcoin cash",
            "code": "BCH",
            "magnitude": 8
        }
    ],
    "networks": [
        {
            "type": "main",
            "blockchain_name": "foundation"
        }
    ]
}
