{
    "chainId": 1,
    "contracts": [
        {
            "address": "0x7d2768de32b0b80b7a3454c06bdac94a69ddc7a9",
            "contractName": "AaveV2MainMarket",
            "methods":[
                {   "selector": "0x573ade81",
                    "erc20OfInterest": [
                        "asset"
                    ],
                    "method": "repay",
                    "plugin": "Aave"
                },
                {   "selector": "0x5a3b74b9",
                    "erc20OfInterest": [
                        "asset"
                    ],
                    "method": "setUserUseReserveAsCollateral",
                    "plugin": "Aave"
                },
                {   "selector": "0x69328dec",
                    "erc20OfInterest": [
                        "asset"
                    ],
                    "method": "withdraw",
                    "plugin": "Aave"
                },
                {   "selector": "0x94ba89a2",
                    "erc20OfInterest": [
                        "asset"
                    ],
                    "method": "swapBorrowRateMode",
                    "plugin": "Aave"
                },
                {   "selector": "0xa415bcad",
                    "erc20OfInterest": [
                        "asset"
                    ],
                    "method": "borrow",
                    "plugin": "Aave"
                },
                {   "selector": "0xe8eda9df",
                    "erc20OfInterest": [
                        "asset"
                    ],
                    "method": "deposit",
                    "plugin": "Aave"
                }
            ]
        },
        {
            "address": "0x7937d4799803fbbe595ed57278bc4ca21f3bffcb",
            "contractName": "AaveV2AmmMarket",
            "methods": [
                {   "selector": "0x573ade81",
                    "erc20OfInterest": [
                        "asset"
                    ],
                    "method": "repay",
                    "plugin": "Aave"
                },
                {   "selector": "0x5a3b74b9",
                    "erc20OfInterest": [
                        "asset"
                    ],
                    "method": "setUserUseReserveAsCollateral",
                    "plugin": "Aave"
                },
                {   "selector": "0x69328dec",
                    "erc20OfInterest": [
                        "asset"
                    ],
                    "method": "withdraw",
                    "plugin": "Aave"
                },
                {   "selector": "0x94ba89a2",
                    "erc20OfInterest": [
                        "asset"
                    ],
                    "method": "swapBorrowRateMode",
                    "plugin": "Aave"
                },
                {   "selector": "0xa415bcad",
                    "erc20OfInterest": [
                        "asset"
                    ],
                    "method": "borrow",
                    "plugin": "Aave"
                },
                {   "selector": "0xe8eda9df",
                    "erc20OfInterest": [
                        "asset"
                    ],
                    "method": "deposit",
                    "plugin": "Aave"
                }

            ]
        }
    ],
    "name": "Aave"
}
